-- phpMyAdmin SQL Dump
-- version 5.2.0
-- https://www.phpmyadmin.net/
--
-- Host: 127.0.0.1
-- Generation Time: Sep 14, 2022 at 09:37 AM
-- Server version: 10.4.24-MariaDB
-- PHP Version: 8.1.6

SET SQL_MODE = "NO_AUTO_VALUE_ON_ZERO";
START TRANSACTION;
SET time_zone = "+00:00";


/*!40101 SET @OLD_CHARACTER_SET_CLIENT=@@CHARACTER_SET_CLIENT */;
/*!40101 SET @OLD_CHARACTER_SET_RESULTS=@@CHARACTER_SET_RESULTS */;
/*!40101 SET @OLD_COLLATION_CONNECTION=@@COLLATION_CONNECTION */;
/*!40101 SET NAMES utf8mb4 */;

--
-- Database: `multi-user`
--

-- --------------------------------------------------------

--
-- Table structure for table `admin`
--

CREATE TABLE `admin` (
  `login_id` int(11) NOT NULL,
  `username` varchar(25) NOT NULL,
  `password` varchar(255) NOT NULL,
  `role` varchar(25) NOT NULL
) ENGINE=InnoDB DEFAULT CHARSET=utf8mb4;

--
-- Dumping data for table `admin`
--

INSERT INTO `admin` (`login_id`, `username`, `password`, `role`) VALUES
(1, 'admin', 'e10adc3949ba59abbe56e057f20f883e', 'admin'),
(2, 'guru', 'e10adc3949ba59abbe56e057f20f883e', 'guru'),
(3, 'siswa', 'e10adc3949ba59abbe56e057f20f883e', 'siswa'),
(4, 'admin1', '$2y$10$O6EruRvVYZ8dmhkKASwW3OkvnFHk15AD/J9yA7X5CkNROZcQGxqqW', ''),
(5, 'admin2', '$2y$10$dCNAWSRzirW7xwkATDW/sOyyPRc9JF5LkaSBrC56rviiCE.J/XL3e', ''),
(6, 'guru1', 'e10adc3949ba59abbe56e057f20f883e', '');

-- --------------------------------------------------------

--
-- Table structure for table `admin_akses`
--

CREATE TABLE `admin_akses` (
  `login_id` int(11) NOT NULL,
  `akses_id` varchar(10) NOT NULL
) ENGINE=InnoDB DEFAULT CHARSET=utf8mb4;

--
-- Dumping data for table `admin_akses`
--

INSERT INTO `admin_akses` (`login_id`, `akses_id`) VALUES
(1, 'guru'),
(1, 'siswa'),
(1, 'spp'),
(2, 'guru'),
(6, 'guru');

-- --------------------------------------------------------

--
-- Table structure for table `master_akses`
--

CREATE TABLE `master_akses` (
  `akses_id` varchar(10) NOT NULL,
  `nama` varchar(25) NOT NULL
) ENGINE=InnoDB DEFAULT CHARSET=utf8mb4;

--
-- Dumping data for table `master_akses`
--

INSERT INTO `master_akses` (`akses_id`, `nama`) VALUES
('guru', 'Guru'),
('siswa', 'Ini untuk halaman siswa'),
('spp', 'Halaman SPP');

--
-- Indexes for dumped tables
--

--
-- Indexes for table `admin`
--
ALTER TABLE `admin`
  ADD PRIMARY KEY (`login_id`);

--
-- Indexes for table `admin_akses`
--
ALTER TABLE `admin_akses`
  ADD KEY `akses_id` (`akses_id`),
  ADD KEY `login_id` (`login_id`);

--
-- Indexes for table `master_akses`
--
ALTER TABLE `master_akses`
  ADD PRIMARY KEY (`akses_id`);

--
-- AUTO_INCREMENT for dumped tables
--

--
-- AUTO_INCREMENT for table `admin`
--
ALTER TABLE `admin`
  MODIFY `login_id` int(11) NOT NULL AUTO_INCREMENT, AUTO_INCREMENT=7;

--
-- Constraints for dumped tables
--

--
-- Constraints for table `admin_akses`
--
ALTER TABLE `admin_akses`
  ADD CONSTRAINT `admin_akses_ibfk_1` FOREIGN KEY (`akses_id`) REFERENCES `master_akses` (`akses_id`),
  ADD CONSTRAINT `admin_akses_ibfk_2` FOREIGN KEY (`login_id`) REFERENCES `admin` (`login_id`);
COMMIT;

/*!40101 SET CHARACTER_SET_CLIENT=@OLD_CHARACTER_SET_CLIENT */;
/*!40101 SET CHARACTER_SET_RESULTS=@OLD_CHARACTER_SET_RESULTS */;
/*!40101 SET COLLATION_CONNECTION=@OLD_COLLATION_CONNECTION */;
